{"cameraMode":{"drawMode":0,"name":"Shaded","section":"Shading Mode"},"sceneLighting":true,"audioPlay":false,"sceneViewState":{"m_AlwaysRefresh":false,"showFog":true,"showSkybox":true,"showFlares":true,"showImageEffects":true,"showParticleSystems":true,"showVisualEffectGraphs":true,"m_FxEnabled":true},"in2DMode":false,"pivot":{"x":0.09341096878051758,"y":-0.701002836227417,"z":0.6670050621032715},"rotation":{"x":0.034343648701906207,"y":-0.9651878476142883,"z":0.1981668919324875,"w":0.16726139187812806},"size":4.50643253326416,"orthographic":false}